allele,peptide,length,log_prob,source,temperature,top_p,score,seed_peptide,n_mutations,score_improvement
HLA-B*27:05,RRMTTFLGL,9,-17.575441360473633,AR,0.7,0.85,-0.6757783416740851,LRAGTVVGL,5.0,1.5351017486327798
HLA-B*27:05,RRWPWAMAL,9,-13.443716049194336,AR,0.7,0.85,-0.7505083948513462,RRLPLAVAL,4.0,0.6724095859163162
HLA-B*27:05,RRITLMFIK,9,-16.24872589111328,AR,0.7,0.85,-0.7944880466591696,RRIQEAFRK,5.0,0.6677601686958278
HLA-B*27:05,KRFGLWLLK,9,-15.531159400939941,AR,0.7,0.85,-0.795184589682424,KRILLPLLK,3.0,0.4428615134463715
HLA-B*27:05,ARLSFRWLL,9,-15.798327445983887,AR,0.7,0.85,-0.8864907251724818,ARLSIRTLL,2.0,0.33596561150676485
HLA-B*27:05,RQMNLFFLR,9,-21.44867706298828,AR,0.9,0.9,-0.9057958803678685,RQMKKTFLR,4.0,0.48177189904932005
HLA-B*27:05,YRFRRFVYL,9,-19.428176879882812,AR,0.9,0.9,-0.9148718175400504,TRFGRKVYL,4.0,1.3360358821608056
HLA-B*27:05,SRWKRVFWL,9,-17.534570693969727,AR,0.9,0.9,-0.9474337218870508,SRLKKVFNR,4.0,1.1201206548064526
HLA-B*27:05,KRSRIIFFL,9,-21.099491119384766,AR,0.9,0.9,-1.0216027160282422,SRSREIFFK,4.0,0.752841252896723
HLA-B*27:05,HRYLFWMHK,9,-20.270219802856445,AR,0.9,0.9,-1.0606978403536116,ARYLFPPQY,6.0,1.1948158724659217
HLA-B*27:05,KRIFMWMKL,9,-16.7121639251709,AR,0.7,0.85,-1.0648322197385738,KRIFDLKKL,4.0,1.2759885169173455
HLA-B*27:05,YRFSLLRVM,9,-18.51630210876465,AR,0.9,0.9,-1.0831441431430522,GRSSLLTVK,4.0,0.6191140200190421
HLA-B*27:05,GRYHHVFLR,9,-18.826175689697266,AR,0.9,0.9,-1.0891983668051488,GRYPSSFSF,7.0,0.6599192955511735
HLA-B*27:05,RRFHCSVGM,9,-17.034032821655273,AR,0.7,0.85,-1.0965624383741355,RRFGKSVGV,4.0,0.9030465205972815
HLA-B*27:05,SRLNCFFKF,9,-21.10793685913086,AR,0.9,0.9,-1.0976043288744108,IRAPQFLKF,5.0,1.12796338456506
HLA-B*27:05,QRMWCITLL,9,-18.323583602905273,AR,0.7,0.85,-1.1740598077250255,IRFPTIPRL,7.0,1.0969449180606705
HLA-B*27:05,SRWFCIATK,9,-18.739566802978516,AR,0.7,0.85,-1.1970047280230458,SRFFNIATK,4.0,0.8350496474566234
HLA-B*27:05,RRLAHIVKK,9,-18.09408950805664,AR,0.7,0.85,-1.2073650374690719,TRLFQIVKK,5.0,1.1484694584158641
HLA-B*27:05,WRTATWHAF,9,-17.219987869262695,AR,0.7,0.85,-1.2940250940953226,ARTASIPAL,5.0,0.9440712135860867
HLA-B*27:05,ARFKMSLTL,9,-16.153348922729492,AR,0.7,0.85,-1.3516030724191288,ARSKISLTL,2.0,0.5712780187891646
HLA-B*27:05,RRLALRWRYF,10,-19.274351119995117,AR,0.9,0.9,-0.7084209001347127,GRLALEGVTF,6.0,1.2009746458323929
HLA-B*27:05,KRMQFLLPLR,10,-20.13437271118164,AR,0.9,0.9,-0.7126497016272114,SRIQELLIER,5.0,1.5086080054936986
HLA-B*27:05,RRAELLWWSK,10,-18.12343406677246,AR,0.7,0.85,-0.7363965022766424,RRAELLESEF,6.0,1.048220790356233
HLA-B*27:05,MRFSRLAWAK,10,-19.79620361328125,AR,0.7,0.85,-0.7474118078864233,ARFSDEAAAK,4.0,1.5566260940181595
HLA-B*27:05,WRFYNLRMLF,10,-19.033065795898438,AR,0.7,0.85,-0.7558748556724915,GRFRNGKILF,6.0,0.6875446061103259
HLA-B*27:05,KRFWALLSSL,10,-16.411745071411133,AR,0.7,0.85,-0.8162412999917831,KRLDPLLSSL,4.0,0.8914991542819882
HLA-B*27:05,RRFWQLVAIF,10,-17.17072868347168,AR,0.7,0.85,-0.8363241157067517,RRLEALVAQF,4.0,0.5175921152136113
HLA-B*27:05,HRFSIQMLFL,10,-22.02478790283203,AR,0.9,0.9,-0.8536982117761743,TRFSSQPLFL,3.0,0.8484737390815368
HLA-B*27:05,RRFMADMYLR,10,-23.87148666381836,AR,0.9,0.9,-0.8750612633917001,RRQAADTYLR,3.0,0.7358117369883517
HLA-B*27:05,WRLPLWSWGF,10,-18.884599685668945,AR,0.7,0.85,-0.8937617620579434,SRLPLKDVGF,4.0,1.2945197174647238
HLA-B*27:05,RRWMDPRIPL,10,-19.89612579345703,AR,0.7,0.85,-0.9025467793139914,RRALDPRRTL,4.0,1.1184770427175936
HLA-B*27:05,RRSMEWFARF,10,-19.1003475189209,AR,0.7,0.85,-0.9074113607745862,RRSSELKTRF,5.0,0.8996498791426528
HLA-B*27:05,FRWSCKPLSF,10,-22.51606559753418,AR,0.9,0.9,-0.9180303367848801,SRWSTKPPSF,3.0,0.8841274164020814
HLA-B*27:05,RRMAVPSLCK,10,-23.574825286865234,AR,0.9,0.9,-0.9222062774390164,SRMAEPSLVK,4.0,1.1438213175098455
HLA-B*27:05,RRFSTMITWF,10,-18.700664520263672,AR,0.7,0.85,-0.930949031167523,RRFSSIIERF,5.0,0.31800458432818446
HLA-B*27:05,RRMSVRFLLTR,11,-23.57345199584961,AR,0.9,0.9,-0.7387805584843692,RRMTESQLLTY,5.0,0.8938791548095444
HLA-B*27:05,RRWEKWCMLSK,11,-20.080162048339844,AR,0.7,0.85,-0.7466341989375788,KRLEPGVGLSK,6.0,1.4383126241143152
HLA-B*27:05,RRFWYTVRFSR,11,-23.89152717590332,AR,0.9,0.9,-0.8573324964312685,GRAEVTERFSR,5.0,1.4029297482837086
HLA-B*27:05,RRFKRDWMFAF,11,-22.697505950927734,AR,0.7,0.85,-0.8992731873176038,RRVKLDLDFAF,5.0,0.9211910032600804
HLA-B*27:05,GRWARWSWLRL,11,-17.68800926208496,AR,0.7,0.85,-0.9400181550076633,GRLAGSSLLGL,6.0,0.9673394531235097
HLA-B*27:05,RRMRIIQKMLY,11,-22.628950119018555,AR,0.9,0.9,-0.9836262871245346,RRMEEVEKMLY,4.0,0.9331959974713774
HLA-B*27:05,RRMMHGYRELM,11,-25.156387329101562,AR,0.9,0.9,-1.0098756337121602,RRYFPGEQELM,7.0,1.0381775394034487
HLA-B*27:05,RRLCFSLLIKK,11,-15.550409317016602,AR,0.7,0.85,-1.0136796972911926,RRLEESLLRKK,3.0,0.5687246007278355
HLA-B*27:05,KRYACWALFWK,11,-24.06798553466797,AR,0.9,0.9,-1.0297894708318556,KRNDSVALFQK,6.0,1.3067503099216842
HLA-B*27:05,RRFMLCDIHTK,11,-20.742223739624023,AR,0.7,0.85,-1.0386201619497029,RRFGLSDIITK,3.0,0.4715225374528702
HLA-B*27:05,MRWVRYGF,8,-17.555036544799805,AR,0.9,0.9,-1.6525364185930254,SRWVRAGF,2.0,0.4692203398947903
HLA-B*27:05,RRRLQQQL,8,-14.698014259338379,AR,0.9,0.9,-2.4874212113594742,,,
HLA-B*27:05,KRWEPISR,8,-13.636126518249512,AR,0.7,0.85,-2.641384862742323,,,
HLA-B*27:05,RRFPGPKR,8,-14.242170333862305,AR,0.7,0.85,-2.6468544526621804,,,
HLA-B*27:05,KRVKTFTK,8,-17.017093658447266,AR,0.9,0.9,-2.7124308159240593,,,
