allele,peptide,length,log_prob,source,temperature,top_p,score,seed_peptide,n_mutations,score_improvement
HLA-B*27:05,RRMQRYLLQL,10,-17.9435977935791,AR,0.7,0.85,-0.6009728956867483,SRFQSPLVQL,7,1.226137791779263
HLA-B*27:05,RRMMECIFAL,10,-19.61067771911621,AR,0.7,0.85,-0.6354837468149122,RRAGEIIQAL,5,1.1346315479721896
HLA-B*27:05,RRMTTFLGL,9,-17.575441360473633,AR,0.7,0.85,-0.6757783416740851,LRAGTVVGL,5,1.5351017486327798
HLA-B*27:05,RRLALRWRYF,10,-19.274351119995117,AR,0.9,0.9,-0.7084209001347127,GRLALEGVTF,6,1.2009746458323929
HLA-B*27:05,RRASIWLYPF,10,-18.512435913085938,AR,0.7,0.85,-0.7101173651118162,RRASVGLLKF,4,0.4153639005887777
HLA-B*27:05,KRMQFLLPLR,10,-20.13437271118164,AR,0.9,0.9,-0.7126497016272114,SRIQELLIER,5,1.5086080054936986
HLA-B*27:05,RRAELLWWSK,10,-18.12343406677246,AR,0.7,0.85,-0.7363965022766424,RRAELLESEF,6,1.048220790356233
HLA-B*27:05,RRMSVRFLLTR,11,-23.57345199584961,AR,0.9,0.9,-0.7387805584843692,RRMTESQLLTY,5,0.8938791548095444
HLA-B*27:05,RRWEKWCMLSK,11,-20.080162048339844,AR,0.7,0.85,-0.7466341989375788,KRLEPGVGLSK,6,1.4383126241143152
HLA-B*27:05,MRFSRLAWAK,10,-19.79620361328125,AR,0.7,0.85,-0.7474118078864233,ARFSDEAAAK,4,1.5566260940181595
HLA-B*27:05,RRWPWAMAL,9,-13.443716049194336,AR,0.7,0.85,-0.7505083948513462,RRLPLAVAL,4,0.6724095859163162
HLA-B*27:05,WRFYNLRMLF,10,-19.033065795898438,AR,0.7,0.85,-0.7558748556724915,GRFRNGKILF,6,0.6875446061103259
HLA-B*27:05,RRWDRIFPKL,10,-23.21598243713379,AR,0.9,0.9,-0.756636108245848,RRWDSIFPKR,2,0.21091186797301398
HLA-B*27:05,MRLGLRWILL,10,-20.33854103088379,AR,0.9,0.9,-0.7634279935629372,KRLGLRAILK,5,0.3236432123435983
HLA-B*27:05,SRFSLWSLGF,10,-18.574363708496094,AR,0.9,0.9,-0.7656685547590141,SRFGPLSLGF,3,0.6020599913279625
HLA-B*27:05,RRITLMFIK,9,-16.24872589111328,AR,0.7,0.85,-0.7944880466591696,RRIQEAFRK,5,0.6677601686958278
HLA-B*27:05,KRFGLWLLK,9,-15.531159400939941,AR,0.7,0.85,-0.795184589682424,KRILLPLLK,3,0.4428615134463715
HLA-B*27:05,RRLMCAFRQL,10,-15.680251121520996,AR,0.7,0.85,-0.8102325179950841,RRLKEAARQL,3,0.9895214484168017
HLA-B*27:05,KRFWALLSSL,10,-16.411745071411133,AR,0.7,0.85,-0.8162412999917831,KRLDPLLSSL,4,0.8914991542819882
HLA-B*27:05,RRFWQLVAIF,10,-17.17072868347168,AR,0.7,0.85,-0.8363241157067517,RRLEALVAQF,4,0.5175921152136113
HLA-B*27:05,HRFSIQMLFL,10,-22.02478790283203,AR,0.9,0.9,-0.8536982117761743,TRFSSQPLFL,3,0.8484737390815368
HLA-B*27:05,RRFWYTVRFSR,11,-23.89152717590332,AR,0.9,0.9,-0.8573324964312685,GRAEVTERFSR,5,1.4029297482837086
HLA-B*27:05,RRWSFIIDSK,10,-20.250375747680664,AR,0.9,0.9,-0.857935264719429,RRFSGIIDSF,4,0.5630101412025431
HLA-B*27:05,HRMSQLLSL,9,-13.86755657196045,AR,0.7,0.85,-0.8692317197309762,QRLQQLLRL,5,0.8644469359461115
HLA-B*27:05,RRNGLWLPL,9,-14.541582107543945,AR,0.7,0.85,-0.8698182079793282,RRNGLILAL,2,0.25468601685495407
HLA-B*27:05,RRFMADMYLR,10,-23.87148666381836,AR,0.9,0.9,-0.8750612633917001,RRQAADTYLR,3,0.7358117369883517
HLA-B*27:05,RRSSMAFML,9,-16.695323944091797,AR,0.7,0.85,-0.8819549713396005,RRKSKAESL,6,1.4423686473609854
HLA-B*27:05,RRMFQVLIK,9,-17.813671112060547,AR,0.9,0.9,-0.8830933585756899,RRFDQELEK,6,1.0394245016689214
HLA-B*27:05,KRMAKMLLL,9,-19.290733337402344,AR,0.7,0.85,-0.884795363948981,KRHAKSLNL,5,1.290600467445049
HLA-B*27:05,ARLSFRWLL,9,-15.798327445983887,AR,0.7,0.85,-0.8864907251724818,ARLSIRTLL,2,0.33596561150676485
HLA-B*27:05,RRLGLLLPMR,10,-16.03512191772461,AR,0.7,0.85,-0.8893017025063102,RRLGLLLSTF,4,0.16339223941865766
HLA-B*27:05,WRLPLWSWGF,10,-18.884599685668945,AR,0.7,0.85,-0.8937617620579434,SRLPLKDVGF,4,1.2945197174647238
HLA-B*27:05,WRFVGWRVLL,10,-19.30927085876465,AR,0.9,0.9,-0.895422546039408,GRFPGRPVLL,4,0.7359197404445249
HLA-B*27:05,RRFKRDWMFAF,11,-22.697505950927734,AR,0.7,0.85,-0.8992731873176038,RRVKLDLDFAF,5,0.9211910032600804
HLA-B*27:05,RRWMDPRIPL,10,-19.89612579345703,AR,0.7,0.85,-0.9025467793139914,RRALDPRRTL,4,1.1184770427175936
HLA-B*27:05,RQMNLFFLR,9,-21.44867706298828,AR,0.9,0.9,-0.9057958803678685,RQMKKTFLR,4,0.48177189904932005
HLA-B*27:05,RRLLHLLRL,9,-13.992852210998535,AR,0.7,0.85,-0.9074113607745862,RRHLPLLRL,2,0.5363208806270106
HLA-B*27:05,RRSMEWFARF,10,-19.1003475189209,AR,0.7,0.85,-0.9074113607745862,RRSSELKTRF,5,0.8996498791426528
HLA-B*27:05,YRFRRFVYL,9,-19.428176879882812,AR,0.9,0.9,-0.9148718175400504,TRFGRKVYL,4,1.3360358821608056
HLA-B*27:05,FRWSCKPLSF,10,-22.51606559753418,AR,0.9,0.9,-0.9180303367848801,SRWSTKPPSF,3,0.8841274164020814
HLA-B*27:05,RRMAVPSLCK,10,-23.574825286865234,AR,0.9,0.9,-0.9222062774390164,SRMAEPSLVK,4,1.1438213175098455
HLA-B*27:05,RRFSTMITWF,10,-18.700664520263672,AR,0.7,0.85,-0.930949031167523,RRFSSIIERF,5,0.31800458432818446
HLA-B*27:05,HRYPNSWFLL,10,-20.67582893371582,AR,0.7,0.85,-0.9390197764486664,SRYPNSGRLL,3,1.1310550498188618
HLA-B*27:05,MRLKLLLFK,9,-12.978548049926758,AR,0.7,0.85,-0.9390197764486664,ARLKELLRK,4,1.1519785213045317
HLA-B*27:05,GRWARWSWLRL,11,-17.68800926208496,AR,0.7,0.85,-0.9400181550076633,GRLAGSSLLGL,6,0.9673394531235097
HLA-B*27:05,SRWKRVFWL,9,-17.534570693969727,AR,0.9,0.9,-0.9474337218870508,SRLKKVFNR,4,1.1201206548064526
HLA-B*27:05,ARWMTLYPRL,10,-19.645809173583984,AR,0.9,0.9,-0.9474337218870508,ARQKGLIERL,5,1.2781856594463488
HLA-B*27:05,RRAAYEIFLR,10,-20.43973159790039,AR,0.9,0.9,-0.9489017609702137,RRAAREIIKR,5,0.71205853080587
HLA-B*27:05,ARFYNLWLYF,10,-19.434785842895508,AR,0.7,0.85,-0.9503648543761231,ARFLALALEF,4,0.3745346426761903
HLA-B*27:05,RRIHFCLLLLR,11,-18.644804000854492,AR,0.7,0.85,-0.9523080096621253,RRIKDSLLLRR,5,0.44978134090997135
